feature,importance
total_ads,0.9270309594123145
most_ads_hour,0.06850826053383352
test_group,0.004460780053852083
