metric,Value
Total users,588101.0
Conversions,14843.0
Conversion Rate,2.523886203220195
Control Conv Rate,1.785410644448223
Test Conv Rate,2.5546559636683748
Lift%,43.085064022225836
